1956967341,Worry,-16.47,-17.71,-18.10,-18.14,-17.14,-18.22,-18.48,-18.46,-17.79,-18.25,-18.34,-18.40,-18.32
1956967666,Sadness,-11.40,-11.22,-11.97,-12.45,-11.39,-12.35,-12.32,-12.30,-12.20,-12.07,-12.23,-12.27,-12.22
1956967696,Sadness,-9.23,-8.90,-9.20,-9.70,-9.94,-9.26,-9.24,-9.23,-9.37,-9.28,-9.17,-9.20,-9.16
1956967789,Sadness,-12.30,-11.25,-10.59,-11.55,-11.47,-12.35,-12.02,-12.00,-11.72,-12.37,-12.23,-12.27,-12.22
1956968416,Neutral,-15.07,-14.45,-14.73,-13.70,-14.64,-15.44,-15.09,-15.08,-14.54,-15.46,-15.28,-15.33,-15.27
1956968477,Worry,-15.07,-13.78,-14.43,-14.06,-13.01,-14.66,-15.09,-14.90,-14.07,-15.16,-15.28,-14.86,-15.27
1956968487,Sadness,-27.38,-23.56,-26.70,-25.53,-24.48,-26.70,-26.81,-27.08,-26.56,-26.93,-27.51,-27.30,-27.48
1956968636,No Words Found,
1956969035,Sadness,-6.15,-4.63,-5.83,-5.08,-5.93,-6.17,-4.95,-6.15,-5.95,-6.18,-6.11,-6.13,-6.11
1956969172,Sadness,-6.15,-5.16,-6.13,-6.16,-6.15,-5.57,-6.16,-6.15,-6.25,-6.18,-6.11,-6.13,-6.11
1956969456,Neutral,-9.23,-8.33,-9.20,-8.32,-9.03,-9.26,-9.24,-9.23,-9.07,-9.28,-9.17,-9.20,-9.16
1956969531,Worry,-6.15,-6.54,-6.13,-6.46,-6.02,-6.17,-6.16,-6.15,-6.25,-6.18,-6.11,-6.13,-6.11
1956970047,Sadness,-21.23,-19.01,-21.17,-20.54,-20.98,-21.01,-21.25,-20.75,-21.27,-21.35,-21.40,-21.47,-21.38
1956970424,Sadness,-18.15,-17.15,-18.40,-18.14,-18.44,-18.22,-18.17,-18.46,-18.45,-18.25,-18.34,-18.10,-18.32
1956970860,Worry,-6.15,-5.76,-5.83,-5.62,-5.07,-5.57,-6.16,-6.15,-5.95,-5.88,-6.11,-6.13,-6.11
1956971077,Sadness,-9.23,-8.73,-9.20,-9.70,-9.64,-9.26,-9.24,-8.93,-9.37,-9.28,-9.17,-9.20,-9.16
1956971170,Neutral,-3.08,-3.27,-3.07,-3.23,-3.31,-3.09,-2.78,-3.08,-3.12,-3.09,-2.76,-3.07,-3.05
1956971206,Worry,-12.00,-11.57,-12.27,-12.63,-11.57,-12.05,-12.32,-12.30,-12.50,-12.37,-12.23,-11.97,-12.22
1956971473,Worry,-21.23,-21.67,-21.17,-21.67,-19.45,-21.31,-21.55,-21.53,-21.57,-21.65,-21.40,-21.47,-21.38
1956971586,Sadness,-30.75,-27.08,-29.47,-29.16,-29.05,-30.39,-30.19,-30.16,-29.09,-30.32,-30.57,-30.67,-30.54
1956971981,Worry,-23.70,-22.03,-24.24,-22.00,-20.75,-23.62,-23.73,-23.83,-24.22,-23.53,-24.46,-23.63,-24.43
1956972097,Fun,-33.53,-32.61,-33.74,-33.39,-33.50,-33.18,-33.27,-30.52,-33.11,-33.72,-33.63,-33.73,-33.59
1956972116,Neutral,-24.60,-26.14,-24.54,-23.15,-25.72,-24.70,-24.63,-24.61,-24.70,-24.74,-24.46,-24.53,-24.43
1956972270,Worry,-21.23,-20.32,-21.17,-21.24,-19.15,-21.31,-21.55,-21.53,-21.57,-21.65,-21.40,-21.47,-21.38
1956972359,Sadness,-29.85,-26.23,-29.77,-28.41,-28.14,-29.79,-29.89,-29.80,-29.86,-29.72,-30.27,-30.19,-30.54
1956972444,Worry,-45.53,-44.34,-46.01,-44.59,-42.44,-46.31,-46.19,-45.84,-44.58,-45.78,-45.85,-45.70,-45.81
1956972557,Sadness,-24.00,-21.78,-23.93,-23.68,-23.16,-24.09,-24.33,-24.13,-24.70,-24.14,-24.46,-24.53,-24.43
1956972884,Worry,-14.90,-15.16,-15.03,-14.54,-13.48,-15.44,-14.92,-15.38,-14.84,-14.68,-15.28,-15.03,-15.27
1956973598,Sadness,-27.07,-24.13,-27.60,-25.98,-25.69,-27.18,-27.11,-27.68,-26.50,-27.53,-27.21,-27.00,-27.48
1956973690,Worry,-6.15,-5.93,-6.13,-6.46,-5.85,-6.17,-6.16,-6.15,-5.40,-6.18,-6.11,-6.13,-6.11
1956974706,Hate,-17.67,-18.10,-18.40,-18.22,-17.95,-17.92,-18.48,-18.46,-16.76,-18.55,-18.34,-18.40,-18.32
1956975441,Neutral,-5.85,-5.33,-6.13,-4.91,-5.07,-5.87,-5.86,-6.15,-5.95,-5.88,-6.11,-5.83,-6.11
1956975860,Neutral,-6.15,-5.54,-6.13,-5.26,-5.62,-6.17,-5.56,-6.15,-6.25,-6.18,-6.11,-6.13,-6.11
1956975876,Sadness,-15.07,-13.15,-14.43,-13.52,-13.50,-15.13,-14.79,-14.60,-14.67,-15.16,-15.28,-14.86,-15.27
1956975927,Neutral,-9.23,-9.20,-8.90,-8.25,-8.94,-9.26,-9.24,-9.23,-9.37,-9.28,-9.17,-9.20,-9.16
1956976187,Neutral,-6.15,-6.06,-6.13,-5.69,-6.15,-6.17,-5.86,-6.15,-5.95,-5.88,-6.11,-6.13,-6.11
1956976312,Sadness,-30.75,-27.87,-30.67,-30.59,-30.66,-30.57,-30.49,-30.16,-30.64,-30.62,-30.57,-30.37,-30.54
1956976371,Worry,-5.67,-5.36,-5.83,-5.14,-5.02,-5.87,-6.16,-6.15,-5.77,-5.58,-6.11,-6.13,-6.11
1956976557,Neutral,-6.15,-5.58,-6.13,-4.91,-5.62,-5.70,-6.16,-6.15,-5.40,-5.71,-5.81,-5.83,-6.11
1956976681,Neutral,-9.23,-8.50,-9.20,-8.32,-9.46,-8.96,-9.24,-8.93,-9.07,-9.28,-9.17,-9.20,-9.16
1956977084,Neutral,-24.30,-22.07,-24.54,-21.49,-22.73,-23.79,-23.25,-24.61,-24.22,-21.98,-24.46,-24.23,-24.43
1956977187,Neutral,-27.38,-26.95,-27.60,-25.37,-25.85,-27.48,-27.41,-24.45,-26.92,-27.23,-27.51,-27.60,-27.48
1956977618,Worry,-15.07,-16.34,-15.34,-16.16,-14.88,-15.44,-15.40,-15.38,-15.32,-15.46,-15.28,-15.33,-15.27
1956977624,Worry,-27.68,-24.77,-27.60,-25.45,-23.23,-26.70,-26.51,-27.68,-27.04,-27.23,-27.51,-27.60,-27.48
1956978276,Empty,-27.57,-31.43,-30.37,-30.70,-30.87,-30.87,-30.79,-30.76,-30.64,-30.62,-30.57,-30.37,-30.54
1956978410,Worry,-29.85,-26.68,-29.77,-26.28,-25.35,-29.97,-29.59,-29.98,-29.51,-30.02,-30.57,-29.59,-30.54
1956978668,Worry,-30.45,-29.82,-30.67,-28.73,-26.98,-30.39,-30.19,-30.76,-29.02,-30.15,-30.27,-30.06,-30.54
1956979150,Worry,-18.15,-16.97,-18.40,-17.84,-16.89,-17.74,-18.17,-17.55,-17.84,-17.95,-18.34,-18.40,-18.32
1956979437,Neutral,-21.23,-20.10,-21.17,-19.21,-20.43,-20.83,-21.25,-20.75,-20.79,-21.35,-21.10,-20.99,-21.38
1956979756,Neutral,-6.15,-6.06,-6.13,-5.56,-6.02,-6.17,-6.16,-6.15,-6.25,-5.88,-6.11,-6.13,-6.11
1956979894,Neutral,-21.53,-21.92,-21.47,-19.47,-21.68,-21.01,-20.95,-21.53,-21.87,-21.04,-21.40,-21.47,-21.38
1956979900,Sadness,-3.08,-2.57,-3.07,-2.93,-2.84,-3.09,-3.08,-3.08,-2.82,-3.09,-2.76,-3.07,-3.05
1956979917,Neutral,-5.55,-6.54,-6.13,-6.46,-6.62,-6.17,-6.16,-6.15,-6.25,-6.18,-6.11,-6.13,-6.11
1956980788,Neutral,-30.45,-30.04,-30.37,-26.57,-28.72,-29.67,-30.19,-30.76,-30.17,-29.84,-30.57,-30.37,-30.54
1956980883,Sadness,-12.00,-10.97,-12.27,-11.37,-11.47,-12.35,-12.32,-12.00,-11.02,-12.37,-12.23,-12.27,-12.22
1956980972,Sadness,-24.60,-20.61,-23.93,-23.10,-21.59,-23.92,-24.63,-24.61,-23.15,-23.48,-24.15,-24.23,-24.43
1956981427,Enthusiasm,-33.22,-32.99,-30.43,-32.52,-32.42,-33.18,-33.57,-33.06,-33.29,-32.94,-33.63,-33.73,-33.59
1956981850,Neutral,-33.83,-34.87,-33.74,-31.89,-35.53,-33.96,-33.87,-33.84,-34.37,-33.72,-33.63,-33.43,-33.59
1956982075,Neutral,-6.15,-6.06,-5.83,-5.32,-5.67,-5.87,-6.16,-6.15,-5.95,-5.88,-6.11,-6.13,-6.11
1956982383,Sadness,-18.45,-16.45,-18.40,-18.01,-17.92,-18.52,-18.00,-18.46,-18.27,-18.08,-18.34,-18.10,-18.32
1956982449,Worry,-12.00,-11.12,-11.97,-11.15,-10.30,-12.05,-11.84,-11.83,-11.72,-11.59,-12.23,-11.97,-12.22
1956982576,Sadness,-15.38,-13.58,-15.34,-15.56,-15.78,-15.44,-15.40,-15.08,-15.62,-14.86,-15.28,-15.33,-15.27
1956982605,Sadness,-30.75,-27.81,-30.07,-29.21,-30.01,-30.57,-29.59,-30.16,-29.99,-30.62,-30.57,-30.67,-30.54
1956983160,Sadness,-6.15,-5.63,-6.13,-6.46,-6.02,-6.17,-6.16,-6.15,-6.25,-6.18,-6.11,-6.13,-6.11
1956983171,Sadness,-24.00,-22.14,-24.24,-23.82,-24.65,-24.70,-24.63,-24.31,-24.39,-24.74,-24.46,-24.53,-24.43
1956983467,Neutral,-9.23,-8.73,-9.20,-8.01,-8.49,-8.66,-8.94,-9.23,-9.07,-8.68,-9.17,-8.90,-9.16
1956983509,Worry,-18.45,-18.13,-18.40,-18.49,-17.11,-17.62,-17.87,-18.46,-18.75,-17.95,-18.34,-18.40,-18.32
1956983690,Sadness,-18.15,-16.80,-18.40,-18.79,-18.80,-18.22,-18.17,-18.46,-18.45,-18.55,-18.34,-18.40,-18.32
1956983851,Worry,-30.75,-30.63,-30.67,-30.54,-28.80,-30.39,-30.49,-30.46,-30.94,-30.32,-30.57,-30.67,-30.54
1956983874,Happiness,-36.30,-35.41,-36.50,-35.13,-34.95,-35.84,-36.65,-36.31,-36.11,-33.14,-36.68,-36.80,-36.65
1956983931,Neutral,-9.23,-9.03,-9.20,-8.32,-9.34,-9.26,-9.24,-9.23,-9.07,-8.98,-9.17,-9.20,-9.16
1956984185,Worry,-24.60,-25.24,-24.54,-25.86,-23.19,-24.40,-24.63,-24.31,-25.00,-24.44,-24.46,-24.53,-24.43
1956984205,Neutral,-24.00,-25.07,-24.54,-22.74,-25.29,-24.70,-24.63,-24.31,-24.09,-24.44,-24.46,-24.53,-24.43
1956984559,Sadness,-6.15,-4.93,-6.13,-5.08,-5.45,-6.17,-5.56,-6.15,-6.25,-5.88,-6.11,-6.13,-6.11
1956984864,Worry,-39.68,-39.78,-39.27,-40.16,-36.80,-39.83,-39.73,-39.99,-38.69,-39.90,-39.74,-39.57,-39.70
1956984894,Sadness,-3.08,-2.27,-3.07,-2.33,-2.61,-3.09,-2.48,-3.08,-3.12,-3.09,-3.06,-3.07,-3.05
1956985129,Neutral,-3.08,-3.27,-3.07,-2.93,-3.31,-3.09,-3.08,-3.08,-3.12,-3.09,-3.06,-3.07,-3.05
1956985535,Happiness,-18.45,-18.53,-18.40,-18.49,-18.97,-17.92,-18.48,-18.46,-18.75,-16.40,-18.34,-18.40,-18.32
1956985612,Sadness,-12.30,-10.74,-11.97,-12.08,-10.92,-12.05,-12.32,-12.30,-12.20,-12.07,-12.23,-12.27,-12.22
1956985758,Worry,-33.83,-33.02,-33.44,-32.49,-30.90,-32.88,-33.27,-33.84,-33.89,-33.54,-33.63,-33.73,-33.59
1956985764,Sadness,-3.08,-2.23,-3.07,-2.33,-2.47,-2.79,-3.08,-3.08,-2.82,-2.62,-3.06,-3.07,-3.05
1956985973,Neutral,-15.38,-15.74,-15.03,-13.81,-15.86,-15.44,-15.40,-15.38,-15.62,-15.46,-15.28,-15.33,-15.27
1956986211,Sadness,-20.92,-18.22,-21.17,-20.07,-18.43,-20.53,-20.95,-20.45,-20.79,-20.74,-21.40,-20.51,-21.38
1956986359,Worry,-24.60,-24.76,-24.54,-25.55,-23.07,-24.40,-24.63,-24.31,-25.00,-24.44,-24.46,-24.53,-24.43
1956986767,Sadness,-6.15,-5.33,-5.83,-5.99,-6.62,-5.87,-5.56,-6.15,-5.95,-6.18,-6.11,-6.13,-6.11
1956987381,Worry,-30.15,-28.49,-30.07,-27.96,-27.31,-29.37,-30.19,-30.28,-30.17,-29.72,-30.57,-29.89,-30.54
1956987600,Hate,-39.38,-40.08,-39.87,-39.08,-40.74,-39.65,-40.03,-39.69,-36.23,-39.90,-39.74,-39.87,-39.70
1956987828,Worry,-24.30,-22.33,-23.63,-22.37,-21.54,-24.40,-23.43,-23.70,-23.31,-24.44,-24.46,-24.53,-24.43
1956987904,Worry,-21.23,-18.17,-21.17,-19.35,-18.16,-19.88,-20.95,-21.23,-21.27,-20.27,-21.40,-21.17,-21.38
1956987950,Worry,-32.92,-30.24,-33.44,-30.95,-29.75,-32.45,-32.67,-33.53,-33.47,-32.81,-33.63,-33.43,-33.59
1956988145,Neutral,-5.85,-5.54,-5.83,-5.21,-5.55,-5.87,-5.86,-5.67,-5.77,-5.88,-6.11,-5.66,-6.11
1956988218,Neutral,-36.30,-36.34,-36.50,-34.12,-37.95,-36.74,-36.95,-36.43,-35.99,-36.81,-36.68,-36.80,-36.65
1956988223,Worry,-20.92,-20.78,-21.47,-21.24,-19.51,-21.31,-21.25,-21.53,-20.97,-21.35,-21.40,-21.47,-21.38
1956988477,Neutral,-17.85,-16.27,-17.20,-15.08,-16.06,-17.44,-18.17,-17.98,-17.12,-17.48,-18.04,-17.62,-18.32
1956989093,Love,-18.45,-18.53,-18.40,-18.69,-19.57,-18.52,-16.67,-18.46,-18.75,-18.25,-18.34,-18.40,-18.32
1956989514,Neutral,-9.23,-8.33,-9.20,-8.32,-9.03,-9.26,-9.24,-9.23,-9.07,-9.28,-9.17,-9.20,-9.16
1956989526,Sadness,-15.07,-13.05,-14.73,-13.66,-13.13,-14.66,-15.40,-14.90,-14.48,-14.38,-14.98,-15.03,-15.27
1956989560,Sadness,-15.38,-12.46,-15.34,-14.84,-13.20,-15.44,-15.40,-15.38,-15.62,-15.46,-15.28,-15.33,-15.27
1956989561,No Words Found,
1956989601,Sadness,-24.60,-21.56,-23.93,-23.57,-24.04,-24.70,-23.73,-23.53,-21.84,-24.44,-24.46,-24.23,-24.43
1956989914,Worry,-33.53,-34.27,-33.74,-34.95,-30.97,-33.96,-33.87,-33.23,-34.37,-32.51,-33.63,-33.73,-33.59
1956990288,Hate,-6.15,-6.24,-6.13,-6.46,-6.62,-6.17,-6.16,-6.15,-5.65,-6.18,-6.11,-6.13,-6.11
1956990413,Neutral,-9.23,-8.33,-9.20,-7.49,-8.08,-8.48,-8.94,-8.93,-8.90,-9.28,-9.17,-9.20,-9.16
1956990568,Sadness,-27.38,-24.65,-27.00,-26.69,-25.60,-26.40,-27.41,-27.68,-26.87,-27.83,-27.51,-27.60,-27.48
1956990729,Worry,-15.07,-14.12,-15.34,-13.52,-13.13,-14.96,-15.09,-15.08,-14.72,-15.16,-15.28,-15.03,-15.27
1956991009,Sadness,-6.15,-5.03,-6.13,-5.69,-5.55,-6.17,-6.16,-5.85,-5.07,-6.18,-6.11,-6.13,-6.11
1956991673,Sadness,-24.60,-21.56,-23.93,-23.57,-24.04,-24.70,-23.73,-23.53,-21.84,-24.44,-24.46,-24.23,-24.43
1956991704,Hate,-21.23,-22.58,-21.47,-22.02,-23.19,-21.61,-21.55,-21.53,-19.76,-21.35,-21.40,-21.47,-21.38
1956991723,Worry,-18.45,-19.13,-18.40,-19.09,-17.54,-18.52,-18.48,-18.46,-18.75,-18.55,-18.34,-18.10,-18.32
1956992030,Sadness,-30.45,-27.75,-30.07,-29.79,-29.44,-29.92,-30.49,-30.46,-29.69,-30.32,-30.57,-30.67,-30.54
1956992144,Worry,-21.53,-21.80,-21.47,-21.37,-20.00,-21.61,-21.55,-21.23,-21.57,-21.04,-21.40,-21.47,-21.38
1956992349,Neutral,-9.23,-9.80,-9.20,-8.62,-9.94,-9.26,-9.24,-9.23,-9.07,-9.28,-9.17,-9.20,-9.16
1956993007,Sadness,-3.08,-2.57,-3.07,-2.93,-2.84,-3.09,-3.08,-3.08,-2.82,-3.09,-2.76,-3.07,-3.05
1956993080,Neutral,-6.15,-5.54,-6.13,-5.21,-5.67,-5.87,-5.86,-6.15,-5.77,-6.18,-5.81,-6.13,-6.11
1956993206,Neutral,-15.38,-15.04,-15.34,-13.81,-15.31,-15.44,-15.09,-15.38,-15.15,-15.46,-15.28,-15.33,-15.27
1956994067,Neutral,-8.92,-8.66,-9.20,-8.62,-9.34,-9.26,-9.24,-9.23,-8.90,-9.28,-9.17,-9.20,-9.16
1956995196,Sadness,-42.75,-38.17,-42.04,-41.41,-41.14,-42.44,-42.51,-43.06,-42.24,-41.44,-42.50,-42.93,-42.75
1956995505,Neutral,-17.97,-17.53,-18.10,-15.79,-16.84,-18.52,-18.48,-18.15,-18.27,-18.25,-18.34,-18.40,-18.32
1956995679,Sadness,-12.30,-10.63,-12.27,-11.55,-10.97,-12.35,-12.32,-12.30,-12.20,-12.37,-12.23,-12.27,-12.22
1956995762,Sadness,-15.38,-14.06,-15.34,-15.86,-15.96,-15.44,-15.40,-15.38,-14.62,-15.46,-15.28,-15.33,-15.27
1956995852,Neutral,-21.23,-19.63,-20.87,-18.24,-19.84,-21.31,-20.95,-21.23,-20.67,-20.57,-21.40,-21.47,-21.38
1956996081,Hate,-12.30,-13.07,-12.27,-12.63,-12.65,-12.35,-12.02,-12.30,-11.29,-12.07,-12.23,-12.27,-12.22
1956996385,Love,-30.75,-30.11,-30.07,-28.73,-29.49,-30.27,-27.61,-30.46,-29.99,-29.84,-30.57,-30.37,-30.54
1956996470,Worry,-15.38,-15.56,-15.34,-15.38,-14.58,-15.44,-15.09,-15.38,-15.62,-14.86,-14.98,-15.03,-15.27
1956996673,No Words Found,
1956996730,Sadness,-12.30,-11.87,-12.27,-12.93,-12.95,-12.35,-12.32,-12.00,-12.50,-12.37,-12.23,-12.27,-12.22
1956996765,Neutral,-33.35,-32.37,-33.44,-31.20,-31.49,-32.53,-33.09,-33.53,-32.75,-30.35,-33.32,-33.13,-33.59
1956996776,Sadness,-12.30,-10.15,-11.97,-11.13,-10.87,-11.87,-12.32,-12.30,-12.02,-12.37,-12.23,-12.27,-12.22
1956997143,Neutral,-27.68,-28.03,-27.60,-25.07,-27.23,-27.48,-26.81,-27.68,-26.74,-27.23,-27.21,-27.30,-27.48
1956997352,Worry,-36.30,-32.78,-35.90,-34.30,-31.41,-34.84,-36.65,-35.53,-35.03,-35.43,-36.68,-36.80,-36.65
1956997619,Neutral,-15.38,-14.96,-14.73,-13.46,-15.31,-15.13,-14.79,-15.38,-14.72,-15.16,-15.28,-15.33,-15.27
1956998370,Love,-15.38,-14.44,-15.03,-14.78,-15.86,-15.44,-13.29,-15.38,-14.84,-15.46,-15.28,-15.33,-15.27
1956998532,Sadness,-14.77,-12.42,-14.73,-13.77,-13.20,-14.83,-15.09,-14.60,-14.37,-14.86,-15.28,-14.86,-15.27
1956998538,Neutral,-30.45,-30.35,-30.67,-28.05,-30.14,-29.49,-30.49,-30.16,-30.94,-30.02,-30.57,-30.67,-30.54
1956998698,Neutral,-9.23,-9.80,-9.20,-8.79,-9.94,-8.36,-9.24,-9.23,-9.37,-8.80,-9.17,-9.20,-9.16
1956998704,Sadness,-12.00,-11.15,-12.27,-11.75,-11.91,-11.87,-12.02,-12.30,-11.90,-12.07,-12.23,-12.27,-12.22
1957000040,Sadness,-15.38,-14.44,-15.34,-15.86,-15.61,-15.44,-15.40,-15.38,-15.62,-15.46,-15.28,-15.33,-15.27
1957000077,Sadness,-3.08,-2.27,-3.07,-2.33,-2.61,-3.09,-2.48,-3.08,-3.12,-3.09,-3.06,-3.07,-3.05
1957000152,Neutral,-24.30,-23.99,-23.93,-21.90,-22.34,-24.22,-24.63,-24.61,-24.52,-24.44,-24.46,-24.53,-24.43
1957000290,Worry,-12.00,-11.57,-12.27,-11.37,-10.61,-12.05,-12.02,-12.00,-12.20,-12.07,-12.23,-11.49,-12.22
1957000314,Neutral,-9.23,-8.33,-9.20,-8.19,-8.94,-9.26,-8.33,-9.23,-9.07,-9.28,-9.17,-9.20,-9.16
1957000336,Empty,-13.87,-15.74,-15.03,-15.56,-14.96,-15.44,-15.40,-15.08,-15.62,-15.46,-15.28,-15.33,-15.27
1957000372,Neutral,-8.92,-8.60,-8.90,-8.14,-8.76,-9.26,-9.24,-9.23,-9.37,-8.98,-9.17,-9.20,-9.16
1957000788,Worry,-24.60,-24.14,-24.54,-25.55,-22.66,-24.40,-23.73,-24.31,-24.52,-24.44,-24.46,-24.53,-24.43
1957001049,Neutral,-12.30,-12.77,-12.27,-11.12,-13.25,-12.05,-12.32,-12.00,-12.50,-12.37,-12.23,-12.27,-12.22
1957001370,Neutral,-6.15,-6.24,-6.13,-5.21,-5.55,-6.17,-6.16,-5.67,-5.95,-6.18,-6.11,-6.13,-6.11
1957001496,Neutral,-14.60,-13.96,-14.73,-12.76,-13.13,-15.13,-14.62,-15.38,-14.84,-14.38,-15.28,-14.43,-15.27
1957001506,Worry,-3.08,-2.31,-3.07,-2.28,-2.31,-2.61,-3.08,-3.08,-2.28,-2.62,-2.76,-2.77,-3.05
1957001854,Fun,-15.38,-15.86,-15.34,-15.86,-16.26,-15.13,-15.40,-13.87,-15.62,-15.16,-15.28,-15.33,-15.27
1957001967,Neutral,-9.23,-8.30,-9.20,-8.26,-8.76,-8.96,-9.24,-9.23,-8.60,-8.98,-9.17,-9.20,-9.16
1957002082,Sadness,-21.53,-17.15,-21.17,-18.73,-17.56,-20.05,-21.25,-21.53,-20.25,-19.91,-21.10,-21.17,-21.38
1957002773,Love,-12.30,-12.77,-12.27,-12.15,-12.65,-12.35,-11.11,-12.30,-12.20,-12.07,-12.23,-12.27,-12.22
1957002923,Worry,-15.07,-14.39,-15.34,-15.56,-13.23,-15.44,-15.40,-15.38,-14.67,-15.16,-15.28,-15.33,-15.27
1957003048,Worry,-17.55,-16.71,-18.10,-18.14,-16.34,-18.22,-18.17,-17.98,-17.97,-18.25,-18.04,-17.92,-18.32
1957003356,Worry,-39.68,-37.29,-39.57,-38.12,-35.03,-39.05,-39.13,-38.91,-38.22,-38.34,-39.44,-39.09,-39.70
1957003440,Worry,-27.68,-27.63,-27.60,-28.49,-26.45,-27.78,-27.41,-27.38,-27.64,-27.53,-27.51,-27.30,-27.48
1957003715,No Words Found,
1957004184,Worry,-21.23,-19.67,-21.47,-20.77,-18.35,-20.05,-21.25,-20.63,-21.27,-21.04,-21.40,-21.47,-21.38
1957004519,Worry,-39.68,-38.32,-39.27,-38.71,-35.56,-39.35,-39.73,-39.99,-40.02,-38.52,-39.74,-39.57,-39.70
1957004606,Worry,-6.15,-6.54,-6.13,-6.46,-6.02,-6.17,-6.16,-6.15,-6.25,-6.18,-6.11,-6.13,-6.11
1957004749,Neutral,-21.53,-19.45,-21.47,-18.76,-19.45,-20.53,-20.78,-21.23,-18.32,-20.69,-21.10,-20.26,-21.38
1957005165,Worry,-6.15,-5.76,-6.13,-6.16,-5.72,-6.17,-6.16,-6.15,-5.95,-6.18,-6.11,-6.13,-6.11
1957005226,Sadness,-18.45,-15.27,-17.80,-16.33,-15.90,-18.22,-16.79,-18.15,-17.49,-17.78,-18.34,-17.80,-18.32
1957005279,Sadness,-6.15,-5.24,-6.13,-5.56,-5.45,-6.17,-5.56,-6.15,-6.25,-6.18,-6.11,-6.13,-6.11
1957005410,Worry,-12.30,-11.55,-12.27,-11.55,-11.20,-11.14,-12.32,-12.30,-11.90,-11.89,-12.23,-12.27,-12.22
1957005696,Worry,-12.00,-11.52,-11.97,-11.63,-11.39,-11.57,-12.32,-10.75,-11.90,-11.77,-12.23,-12.27,-12.22
1957005713,Sadness,-24.00,-22.59,-24.24,-23.10,-23.70,-24.40,-24.63,-24.31,-23.79,-24.74,-24.46,-24.53,-24.43
1957005817,Worry,-24.60,-23.27,-24.54,-23.65,-22.40,-23.92,-24.03,-24.61,-24.39,-24.44,-24.46,-24.53,-24.43
1957006033,Sadness,-21.53,-19.04,-21.47,-21.54,-20.79,-21.61,-21.55,-21.53,-21.57,-21.04,-21.40,-21.17,-21.38
1957006074,Neutral,-12.30,-12.47,-11.97,-11.25,-12.95,-12.05,-12.32,-12.00,-11.90,-12.37,-12.23,-12.27,-12.22
1957006098,Worry,-39.68,-38.53,-38.97,-38.79,-35.14,-38.75,-39.43,-39.21,-39.06,-38.82,-39.74,-39.39,-39.70
1957006245,Sadness,-36.60,-33.95,-36.80,-37.40,-36.47,-36.57,-36.95,-36.61,-36.05,-36.81,-36.68,-36.50,-36.65
1957006307,Sadness,-6.15,-4.13,-6.13,-5.99,-4.64,-6.17,-6.16,-6.15,-6.25,-6.18,-6.11,-6.13,-6.11
1957006547,Sadness,-33.83,-31.29,-33.74,-33.09,-32.85,-33.48,-33.27,-33.23,-33.29,-33.11,-33.63,-33.73,-33.59
1957006674,Sadness,-36.90,-32.29,-36.20,-37.10,-34.95,-36.44,-36.05,-36.31,-36.24,-36.51,-36.68,-36.80,-36.65
1957006725,Sadness,-9.23,-7.92,-8.60,-8.09,-8.12,-8.78,-8.64,-8.93,-8.60,-8.98,-9.17,-9.20,-9.16
1957006830,Neutral,-3.08,-3.27,-3.07,-2.93,-3.31,-3.09,-3.08,-3.08,-3.12,-3.09,-3.06,-3.07,-3.05
1957006947,Worry,-33.53,-31.18,-33.14,-31.50,-28.71,-32.88,-33.57,-33.84,-32.21,-33.41,-33.63,-33.73,-33.59
1957007167,Worry,-15.07,-14.09,-15.34,-14.00,-13.46,-15.13,-15.40,-15.38,-14.84,-14.86,-15.28,-15.33,-15.27
1957007268,Fun,-21.23,-20.62,-21.17,-20.59,-21.33,-21.31,-21.25,-19.07,-21.09,-21.35,-21.40,-20.69,-21.38
1957007357,Worry,-11.10,-10.99,-11.67,-11.50,-10.92,-12.05,-12.02,-11.83,-12.02,-12.07,-12.23,-11.79,-12.22
1957007394,Neutral,-8.92,-9.03,-9.20,-8.62,-9.94,-9.26,-9.24,-9.23,-9.07,-9.28,-9.17,-9.20,-9.16
1957007437,Sadness,-15.07,-14.34,-14.43,-14.86,-14.83,-15.13,-15.09,-13.70,-14.84,-15.16,-15.28,-15.33,-15.27
1957007633,Sadness,-18.45,-16.85,-18.40,-19.39,-19.10,-17.92,-18.17,-18.46,-18.75,-18.55,-18.34,-18.40,-18.32
1957007981,Worry,-6.15,-5.93,-6.13,-5.69,-5.67,-5.87,-6.16,-6.15,-5.95,-6.18,-6.11,-6.13,-6.11
1957008075,Sadness,-24.60,-20.66,-23.93,-21.96,-20.86,-23.14,-24.33,-24.61,-23.20,-23.66,-23.85,-24.23,-24.43
1957008193,Sadness,-6.15,-5.76,-5.83,-6.16,-5.85,-6.17,-6.16,-6.15,-6.25,-6.18,-6.11,-6.13,-6.11
1957008287,Worry,-46.13,-46.56,-46.01,-46.48,-43.48,-45.70,-46.19,-46.14,-46.57,-45.78,-45.85,-46.00,-45.81
1957008292,Worry,-18.15,-18.09,-18.40,-17.11,-16.69,-17.92,-18.48,-17.68,-18.14,-17.78,-18.34,-18.40,-18.32
1957008434,Sadness,-9.23,-8.55,-9.20,-9.22,-8.94,-8.18,-8.94,-8.93,-9.07,-8.98,-9.17,-8.90,-9.16
1957008478,Surprise,-18.45,-19.01,-18.40,-18.79,-19.27,-16.72,-18.48,-18.46,-18.45,-18.55,-18.34,-18.40,-18.32
1957008498,Sadness,-15.07,-13.53,-15.34,-15.38,-15.13,-15.13,-15.40,-15.38,-14.84,-14.86,-15.28,-15.33,-15.27
1957008766,Surprise,-12.00,-12.47,-12.27,-12.93,-12.95,-10.97,-11.71,-12.00,-11.90,-12.37,-12.23,-12.27,-12.22
1957008802,Sadness,-12.30,-11.39,-12.27,-12.02,-12.35,-12.35,-12.32,-12.30,-12.20,-12.07,-12.23,-12.27,-12.22
1957008987,Worry,-15.07,-15.09,-15.03,-15.46,-14.70,-13.93,-15.09,-14.90,-15.32,-15.16,-15.28,-15.33,-15.27
1957009454,Worry,-21.53,-20.32,-21.47,-22.32,-19.24,-21.01,-21.25,-21.53,-21.87,-21.35,-21.40,-21.47,-21.38
1957009666,Hate,-18.45,-18.43,-18.10,-17.84,-19.27,-18.05,-17.87,-16.65,-16.94,-18.25,-18.34,-18.10,-18.32
1957010072,Worry,-9.23,-9.80,-9.20,-9.39,-9.03,-9.26,-9.24,-9.23,-9.07,-9.28,-9.17,-9.20,-9.16
1957010329,Hate,-18.45,-18.43,-18.10,-17.84,-19.27,-18.05,-17.87,-16.65,-16.94,-18.25,-18.34,-18.10,-18.32
1957010415,Worry,-8.45,-8.33,-8.90,-8.55,-7.28,-9.26,-9.24,-9.23,-8.90,-8.68,-9.17,-9.20,-9.16
1957011291,Sadness,-3.08,-2.42,-3.07,-2.75,-2.71,-3.09,-3.08,-3.08,-2.65,-3.09,-3.06,-3.07,-3.05
1957011738,Worry,-29.97,-30.73,-30.07,-30.70,-27.76,-30.09,-30.49,-30.76,-31.25,-30.15,-30.57,-30.67,-30.54
1957012476,Sadness,-24.30,-23.16,-24.54,-24.53,-25.72,-24.70,-24.63,-24.61,-24.70,-24.74,-24.46,-24.53,-24.43
1957012535,Empty,-16.64,-17.93,-18.40,-17.71,-18.62,-17.92,-18.17,-18.46,-18.45,-17.65,-18.34,-18.10,-18.32
1957012769,Worry,-5.85,-5.06,-5.83,-5.86,-4.97,-6.17,-6.16,-6.15,-5.47,-5.88,-6.11,-6.13,-6.11
1957013149,Neutral,-24.30,-22.17,-24.54,-21.67,-21.98,-23.79,-24.33,-24.01,-24.09,-23.06,-24.46,-24.23,-24.43
1957013166,Neutral,-12.30,-11.60,-11.97,-11.30,-11.69,-11.75,-12.02,-12.30,-10.94,-11.77,-12.23,-12.27,-12.22
1957013488,Neutral,-3.08,-3.27,-3.07,-2.63,-3.31,-2.79,-3.08,-3.08,-3.12,-3.09,-3.06,-3.07,-3.05
1957013697,Neutral,-15.07,-13.39,-15.03,-12.70,-13.48,-14.66,-14.62,-14.90,-13.52,-14.21,-14.98,-14.25,-15.27
1957013723,Hate,-21.53,-20.48,-21.47,-20.29,-20.81,-21.13,-21.55,-21.23,-19.04,-21.17,-21.10,-21.17,-21.38
1957013804,Sadness,-5.85,-5.24,-6.13,-5.56,-5.93,-6.17,-5.26,-6.15,-6.25,-6.18,-6.11,-6.13,-6.11
1957013885,Sadness,-36.90,-33.82,-36.80,-36.53,-36.16,-36.27,-36.95,-36.91,-36.35,-36.33,-36.38,-36.50,-36.65
1957013895,Hate,-9.23,-9.50,-9.20,-9.70,-9.64,-9.26,-9.24,-9.23,-8.47,-9.28,-9.17,-9.20,-9.16
1957013896,Sadness,-15.38,-14.09,-15.34,-14.30,-15.08,-15.44,-14.92,-14.60,-14.84,-14.68,-15.28,-15.03,-15.27
1957014267,Sadness,-21.23,-18.59,-21.17,-20.32,-20.38,-20.71,-20.95,-21.05,-21.27,-20.74,-21.40,-21.47,-21.38
1957014389,Relief,-27.68,-28.11,-27.60,-27.36,-28.03,-27.78,-26.93,-27.38,-27.64,-26.75,-27.21,-24.71,-27.48
1957014493,Sadness,-6.15,-5.84,-6.13,-6.16,-6.15,-6.17,-6.16,-6.15,-5.65,-6.18,-5.81,-6.13,-6.11
1957014517,Neutral,-24.00,-24.76,-24.24,-22.02,-24.72,-24.09,-24.33,-24.01,-24.39,-24.44,-24.46,-24.23,-24.43
1957014653,Neutral,-12.30,-12.60,-12.27,-10.64,-12.65,-12.35,-12.32,-12.00,-11.90,-12.37,-12.23,-11.97,-12.22
1957014706,Hate,-26.90,-25.26,-26.70,-25.50,-25.68,-26.88,-26.81,-26.91,-23.99,-26.93,-27.51,-26.82,-27.48
1957015287,No Words Found,
1957015475,Neutral,-30.75,-29.49,-30.37,-27.94,-29.97,-29.62,-29.89,-30.16,-29.56,-30.62,-30.57,-30.67,-30.54
1957015719,Worry,-15.07,-14.96,-15.03,-15.21,-13.76,-15.44,-15.09,-15.38,-15.62,-15.46,-15.28,-15.33,-15.27
1957016086,Neutral,-15.38,-15.04,-15.34,-14.73,-15.61,-13.93,-15.09,-15.38,-14.67,-15.46,-15.28,-15.33,-15.27
1957016169,Neutral,-6.15,-5.93,-6.13,-5.29,-6.02,-5.87,-6.16,-6.15,-6.25,-5.88,-6.11,-5.83,-6.11
1957016339,Worry,-30.75,-29.95,-30.37,-30.09,-27.86,-30.09,-30.79,-30.76,-30.17,-30.62,-30.57,-30.67,-30.54
1957016697,Sadness,-6.15,-5.76,-6.13,-6.46,-6.62,-6.17,-6.16,-6.15,-6.25,-6.18,-6.11,-6.13,-6.11
1957016818,Worry,-30.15,-29.34,-29.17,-30.09,-27.87,-30.87,-30.49,-30.16,-30.47,-30.62,-30.57,-30.67,-30.54
1957017164,Sadness,-18.45,-15.35,-18.10,-17.36,-18.02,-18.52,-17.57,-18.15,-18.14,-18.55,-18.34,-18.10,-18.32
1957017177,Worry,-27.38,-27.68,-27.60,-28.49,-25.57,-27.18,-27.41,-27.68,-28.12,-27.83,-27.51,-27.60,-27.48
1957017320,Worry,-6.15,-5.58,-6.13,-5.69,-5.12,-5.70,-6.16,-5.85,-5.95,-6.18,-6.11,-6.13,-6.11
1957017333,Neutral,-21.23,-19.40,-21.47,-18.59,-19.84,-21.31,-21.55,-21.53,-21.57,-20.87,-21.40,-21.17,-21.38
1957017486,Neutral,-15.07,-13.65,-15.03,-13.60,-14.01,-14.66,-15.40,-14.90,-14.18,-14.68,-14.98,-15.03,-15.27
1957017522,Happiness,-33.83,-33.00,-33.44,-33.39,-33.61,-33.18,-33.87,-33.84,-33.47,-30.35,-33.63,-33.73,-33.59
1957017595,Happiness,-42.15,-42.29,-42.34,-42.69,-43.44,-42.62,-42.81,-41.81,-42.66,-39.08,-42.80,-42.46,-42.75
1957017610,Neutral,-30.75,-29.37,-30.37,-28.05,-30.49,-30.57,-30.49,-29.86,-30.34,-30.32,-30.57,-30.37,-30.54
1957018061,Sadness,-3.08,-2.67,-3.07,-2.93,-2.84,-3.09,-3.08,-3.08,-3.12,-3.09,-3.06,-2.77,-3.05
1957018162,Worry,-18.45,-16.92,-18.10,-17.91,-15.88,-18.05,-18.17,-18.46,-18.14,-18.25,-18.34,-18.40,-18.32
1957018678,Empty,-11.10,-12.60,-12.27,-12.45,-13.25,-12.35,-12.32,-12.30,-12.20,-12.37,-12.23,-12.27,-12.22
1957019034,Worry,-15.38,-15.64,-15.34,-14.90,-14.05,-15.13,-15.09,-15.38,-14.84,-15.16,-15.28,-15.33,-15.27
1957019121,Neutral,-29.97,-28.02,-30.37,-27.32,-29.01,-29.97,-29.89,-29.68,-29.86,-30.32,-30.57,-30.67,-30.54
1957019458,Neutral,-5.37,-5.63,-5.83,-5.38,-5.45,-5.87,-6.16,-6.15,-5.77,-6.18,-6.11,-6.13,-6.11
1957019556,Sadness,-30.45,-26.90,-30.37,-28.30,-27.64,-30.57,-30.19,-30.28,-28.91,-30.32,-30.57,-30.19,-30.54
1957019715,Worry,-24.60,-24.12,-24.54,-24.38,-22.48,-23.62,-24.03,-24.31,-23.92,-24.14,-24.46,-24.53,-24.43
1957019766,Neutral,-8.32,-8.96,-9.20,-8.92,-9.09,-9.26,-9.24,-9.23,-8.77,-9.28,-9.17,-9.20,-9.16
1957020180,Sadness,-18.45,-16.48,-18.40,-17.96,-16.77,-18.52,-18.48,-18.46,-17.84,-18.55,-18.34,-18.40,-18.32
1957020385,Happiness,-15.38,-15.34,-15.03,-14.90,-15.36,-14.96,-15.40,-15.38,-15.32,-13.78,-15.28,-15.03,-15.27
1957020390,Worry,-3.08,-3.27,-3.07,-3.23,-3.01,-3.09,-3.08,-3.08,-3.12,-3.09,-3.06,-3.07,-3.05
1957020593,Neutral,-42.58,-40.56,-42.04,-38.06,-40.26,-42.14,-42.51,-42.76,-41.89,-42.69,-42.80,-42.93,-42.75
1957020624,Sadness,-6.15,-4.54,-6.13,-4.61,-4.78,-5.40,-6.16,-6.15,-5.10,-5.23,-5.81,-5.83,-6.11
1957020702,Neutral,-12.30,-11.52,-12.27,-11.50,-11.77,-11.87,-11.71,-12.00,-12.20,-11.17,-11.93,-11.97,-12.22
1957020861,Neutral,-18.45,-17.59,-18.10,-16.25,-18.05,-18.05,-17.57,-18.46,-18.45,-17.95,-18.34,-18.40,-18.32
1957021039,Worry,-30.75,-30.17,-30.37,-29.79,-27.81,-30.09,-29.89,-30.76,-30.77,-30.32,-30.57,-30.37,-30.54
1957021224,Sadness,-3.08,-2.57,-3.07,-2.75,-3.31,-3.09,-3.08,-3.08,-3.12,-3.09,-3.06,-3.07,-3.05
1957021305,Sadness,-30.75,-27.34,-30.67,-30.67,-30.23,-30.39,-30.49,-30.76,-30.64,-29.84,-30.57,-30.67,-30.54
1957021321,Neutral,-21.05,-21.27,-21.17,-20.07,-21.20,-19.33,-21.55,-21.53,-21.39,-20.39,-21.40,-21.47,-21.38
1957021486,Hate,-27.38,-26.57,-27.60,-27.05,-26.46,-27.48,-27.11,-27.38,-24.21,-27.53,-27.51,-27.60,-27.48
1957021631,Neutral,-12.30,-12.29,-12.27,-10.37,-11.44,-12.35,-12.02,-11.83,-11.59,-12.37,-12.23,-11.97,-12.22
1957022610,Worry,-30.75,-30.90,-30.67,-31.24,-28.26,-30.57,-30.49,-30.76,-30.64,-30.32,-30.57,-30.37,-30.54
1957022799,Sadness,-15.38,-14.36,-15.34,-14.90,-14.91,-13.75,-15.40,-14.78,-15.02,-15.16,-15.28,-15.33,-15.27
1957023061,Sadness,-24.60,-21.76,-24.24,-23.41,-22.42,-21.76,-24.33,-24.31,-23.92,-24.14,-24.46,-24.53,-24.43
1957023133,Worry,-39.98,-39.13,-39.57,-38.90,-34.96,-38.75,-39.13,-39.69,-39.54,-40.20,-39.74,-39.87,-39.70
1957023263,Hate,-32.92,-33.07,-33.74,-33.87,-33.73,-33.66,-33.57,-33.53,-30.21,-33.72,-33.63,-33.73,-33.59
1957023739,Hate,-15.38,-15.74,-15.34,-15.38,-15.96,-15.44,-15.40,-15.38,-14.12,-15.46,-15.28,-15.33,-15.27
1957023842,Neutral,-15.07,-15.34,-15.03,-14.00,-15.48,-15.13,-15.09,-14.90,-14.54,-14.86,-15.28,-14.86,-15.27
1957023917,Neutral,-18.45,-18.23,-18.40,-16.81,-17.73,-18.52,-18.48,-18.46,-18.45,-17.95,-18.34,-18.10,-18.32
1957024334,Worry,-21.53,-21.62,-21.17,-21.18,-19.90,-21.13,-21.55,-21.53,-21.09,-21.65,-21.40,-21.47,-21.38
1957025428,Sadness,-24.12,-22.72,-24.24,-24.06,-23.39,-24.70,-24.63,-24.61,-24.39,-24.44,-24.46,-24.53,-24.43
1957026475,Sadness,-9.23,-8.42,-9.20,-8.92,-9.46,-8.96,-9.24,-9.23,-9.07,-9.28,-9.17,-9.20,-9.16
1957027495,Sadness,-29.85,-26.10,-29.47,-27.73,-27.31,-29.67,-29.29,-29.68,-29.69,-29.72,-30.57,-29.89,-30.54
1957027630,Sadness,-27.38,-24.71,-27.30,-26.63,-26.56,-27.78,-27.71,-27.68,-26.92,-27.53,-27.51,-27.60,-27.48
1957027687,Neutral,-15.07,-14.59,-15.34,-14.00,-14.94,-15.44,-15.09,-15.38,-15.02,-15.46,-15.28,-15.03,-15.27
1957027841,Empty,-22.19,-24.11,-24.24,-24.55,-23.99,-24.09,-24.33,-23.83,-24.09,-24.14,-24.46,-24.53,-24.43
1957028656,Worry,-9.23,-7.53,-9.20,-7.44,-7.29,-7.70,-8.64,-9.23,-8.23,-8.20,-8.87,-8.90,-9.16
1957028775,Neutral,-9.23,-9.03,-9.20,-8.49,-8.86,-8.96,-9.24,-9.23,-9.37,-9.28,-9.17,-9.20,-9.16
1957028895,Sadness,-15.38,-13.79,-15.34,-14.96,-15.72,-15.13,-15.40,-15.38,-15.32,-14.98,-15.28,-15.33,-15.27
1957029111,Sadness,-12.30,-10.82,-12.27,-11.12,-11.85,-12.35,-11.71,-12.30,-12.50,-12.07,-12.23,-12.27,-12.22
1957029634,Sadness,-12.00,-11.60,-11.97,-11.67,-11.87,-11.14,-12.02,-11.83,-11.72,-12.07,-12.23,-11.79,-12.22
1957029641,Worry,-18.45,-17.65,-17.80,-17.84,-17.07,-18.05,-18.48,-18.46,-18.14,-18.08,-18.34,-18.40,-18.32
1957029899,Neutral,-24.60,-22.37,-24.24,-21.54,-23.13,-24.09,-24.63,-23.83,-23.31,-23.06,-24.46,-24.23,-24.43
1957030196,Worry,-6.15,-6.24,-6.13,-5.99,-5.55,-6.17,-5.86,-5.85,-5.95,-6.18,-6.11,-6.13,-6.11
1957030545,Sadness,-21.53,-20.24,-21.47,-21.54,-22.58,-21.31,-21.55,-21.53,-21.57,-21.65,-21.40,-21.47,-21.38
1957030596,Neutral,-21.05,-20.70,-21.17,-19.14,-19.68,-21.31,-20.95,-21.23,-20.62,-21.04,-21.40,-21.47,-21.38
1957030622,Worry,-9.23,-9.03,-9.20,-8.62,-8.43,-9.26,-8.94,-9.23,-8.47,-9.28,-9.17,-9.20,-9.16
1957030793,Neutral,-3.08,-3.27,-3.07,-2.75,-3.31,-3.09,-3.08,-3.08,-3.12,-3.09,-3.06,-3.07,-3.05
1957031520,Worry,-14.47,-12.40,-14.13,-13.22,-12.40,-15.13,-14.19,-14.60,-14.67,-15.16,-15.28,-14.86,-15.27
1957031859,Fun,-27.38,-25.95,-26.70,-25.98,-26.18,-27.01,-27.41,-24.80,-27.04,-26.03,-27.51,-26.65,-27.48
1957032014,Neutral,-24.60,-22.34,-24.24,-21.07,-22.27,-24.40,-23.86,-24.31,-23.31,-24.26,-24.46,-24.23,-24.43
1957032051,Sadness,-2.77,-2.79,-3.07,-2.93,-3.01,-3.09,-3.08,-3.08,-3.12,-3.09,-3.06,-3.07,-3.05
1957032114,Worry,-3.08,-2.79,-3.07,-2.45,-2.41,-2.61,-3.08,-2.77,-3.12,-3.09,-3.06,-3.07,-3.05
1957032127,Neutral,-24.30,-25.07,-24.54,-22.79,-25.32,-24.40,-24.63,-24.61,-24.70,-24.44,-24.46,-24.53,-24.43
1957032228,Worry,-3.08,-2.57,-3.07,-2.63,-2.53,-3.09,-3.08,-3.08,-2.82,-3.09,-3.06,-3.07,-3.05
1957032539,Worry,-29.80,-29.85,-30.37,-29.27,-28.59,-29.97,-30.79,-30.76,-29.69,-30.32,-30.57,-30.67,-30.54
1957033043,No Words Found,
1957033103,Worry,-15.38,-15.74,-15.34,-15.68,-14.76,-15.44,-15.09,-15.08,-15.02,-15.46,-15.28,-15.33,-15.27
1957033219,Neutral,-18.45,-18.53,-17.80,-16.74,-17.80,-18.05,-18.48,-18.46,-18.27,-18.55,-18.34,-18.40,-18.32
1957033558,Worry,-39.68,-39.03,-39.27,-38.86,-36.99,-39.35,-39.73,-38.91,-39.02,-39.00,-39.74,-39.87,-39.70
1957033776,Sadness,-20.92,-17.89,-21.17,-18.84,-19.77,-21.01,-20.65,-21.05,-20.70,-21.04,-21.40,-20.69,-21.38
1957033815,Neutral,-9.23,-9.03,-8.90,-7.95,-8.68,-8.96,-9.24,-9.23,-9.07,-8.98,-9.17,-9.20,-9.16
1957033874,Hate,-21.53,-20.77,-21.47,-21.37,-20.81,-21.31,-21.55,-21.53,-19.22,-21.65,-21.40,-21.47,-21.38
1957033901,Worry,-30.45,-29.73,-30.37,-30.22,-26.85,-30.09,-30.49,-30.46,-30.29,-30.32,-30.57,-30.67,-30.54
1957034202,Sadness,-24.60,-22.78,-24.54,-24.78,-25.32,-24.22,-24.33,-24.01,-24.70,-24.44,-24.46,-24.53,-24.43
1957034289,Hate,-27.68,-26.84,-27.60,-27.31,-27.21,-27.31,-27.11,-27.38,-25.41,-27.23,-27.51,-27.30,-27.48
1957034434,Neutral,-45.83,-44.88,-45.40,-41.58,-45.01,-45.05,-46.19,-45.84,-44.82,-44.65,-45.55,-45.40,-45.81
1957034566,Sadness,-21.05,-19.12,-21.17,-19.68,-19.26,-21.31,-21.55,-21.23,-21.09,-21.04,-21.40,-21.47,-21.38
1957034940,No Words Found,
1957034983,Neutral,-9.23,-9.03,-9.20,-8.49,-8.98,-8.96,-9.24,-9.23,-9.37,-9.28,-9.17,-9.20,-9.16
1957035419,Neutral,-33.83,-33.00,-33.74,-30.16,-33.51,-33.36,-33.09,-33.84,-33.11,-32.46,-33.63,-33.43,-33.59
1957035564,Happiness,-33.83,-33.57,-33.44,-33.22,-34.21,-33.96,-33.57,-33.53,-33.17,-30.53,-33.63,-33.43,-33.59
1957035950,Sadness,-9.23,-8.90,-8.90,-9.22,-9.94,-9.26,-8.64,-9.23,-8.47,-9.28,-9.17,-9.20,-9.16
1957036183,Neutral,-18.45,-17.53,-17.80,-16.17,-17.55,-18.52,-18.17,-18.15,-18.14,-18.25,-18.34,-18.40,-18.32
1957037405,Neutral,-9.23,-9.20,-9.20,-8.39,-9.34,-8.96,-9.24,-9.23,-9.37,-8.98,-9.17,-9.20,-9.16
1957037860,Worry,-26.77,-26.43,-27.30,-26.28,-25.62,-26.88,-26.81,-27.21,-27.64,-27.23,-27.51,-24.71,-27.48
1957038324,Worry,-9.23,-8.55,-9.20,-9.39,-8.34,-9.26,-9.24,-9.23,-9.37,-9.28,-9.17,-9.20,-9.16
1957038398,Sadness,-21.53,-19.82,-21.47,-21.92,-22.11,-21.31,-21.55,-21.53,-21.03,-21.04,-21.40,-21.47,-21.38
1957038470,Hate,-30.45,-29.13,-30.37,-29.62,-29.20,-29.31,-30.79,-30.76,-27.51,-29.67,-30.27,-30.37,-30.54
1957038475,Neutral,-9.23,-9.80,-9.20,-9.22,-9.64,-9.26,-8.94,-9.23,-9.37,-8.98,-8.27,-8.90,-9.16
1957038477,Worry,-23.82,-22.81,-23.93,-22.41,-20.86,-24.09,-23.73,-24.13,-24.39,-23.84,-24.46,-24.23,-24.43
1957038763,Worry,-24.60,-21.74,-23.63,-22.25,-21.40,-24.40,-24.33,-24.01,-23.92,-23.84,-24.46,-24.23,-24.43
1957038970,Worry,-5.67,-6.06,-5.83,-5.62,-5.32,-6.17,-6.16,-6.15,-6.25,-5.88,-6.11,-6.13,-6.11
1957039203,Worry,-36.30,-36.36,-35.42,-35.91,-34.13,-36.74,-36.65,-36.43,-37.02,-36.51,-36.68,-36.02,-36.65
1957039456,Sadness,-9.23,-7.95,-9.20,-9.70,-8.86,-9.26,-9.24,-9.23,-9.37,-9.28,-9.17,-9.20,-9.16
1957039841,Neutral,-21.53,-20.50,-21.47,-18.51,-19.71,-21.01,-21.25,-21.05,-20.49,-21.65,-21.40,-21.47,-21.38
1957039894,Sadness,-24.30,-20.41,-23.93,-23.27,-22.30,-24.40,-24.33,-24.31,-23.62,-24.26,-24.46,-24.53,-24.43
1957039922,Sadness,-9.23,-8.06,-9.20,-8.92,-8.13,-9.26,-9.24,-9.23,-9.37,-9.28,-9.17,-9.20,-9.16
1957039947,Worry,-15.07,-14.91,-15.34,-15.08,-13.63,-15.13,-15.40,-15.08,-15.32,-14.86,-15.28,-15.33,-15.27
1957040172,Sadness,-33.53,-31.04,-33.74,-33.39,-34.51,-33.96,-33.87,-33.53,-33.17,-32.94,-33.63,-33.13,-33.59
1957040395,Sadness,-33.83,-29.96,-33.44,-33.57,-33.20,-33.36,-32.37,-33.53,-33.29,-33.41,-33.63,-33.73,-33.59
1957040988,Worry,-24.60,-21.74,-23.63,-22.25,-21.40,-24.40,-24.33,-24.01,-23.92,-23.84,-24.46,-24.23,-24.43
1957041569,Worry,-12.30,-12.29,-12.27,-12.93,-11.87,-12.35,-12.32,-12.30,-12.50,-12.37,-12.23,-12.27,-12.22
1957041648,Neutral,-21.53,-22.40,-21.47,-20.22,-22.58,-21.61,-21.55,-21.53,-21.87,-21.35,-21.40,-21.47,-21.38
1957041745,Sadness,-9.23,-8.55,-9.20,-9.22,-9.64,-9.26,-8.94,-9.23,-9.37,-9.28,-9.17,-9.20,-9.16
1957041767,Sadness,-12.30,-10.56,-12.27,-12.33,-12.17,-12.35,-12.32,-12.00,-12.20,-12.37,-12.23,-11.97,-12.22
1957041812,Hate,-30.75,-29.68,-30.67,-30.29,-29.97,-30.39,-30.49,-30.76,-27.16,-30.15,-30.27,-30.37,-30.54
1957041856,Worry,-14.30,-15.26,-14.73,-14.71,-13.96,-15.44,-15.40,-15.38,-15.62,-15.16,-15.28,-15.33,-15.27
1957042008,Worry,-33.53,-33.14,-33.44,-33.07,-30.30,-32.88,-33.87,-32.76,-33.47,-33.41,-33.63,-33.73,-33.59
1957042316,Sadness,-12.30,-11.52,-11.97,-12.33,-12.25,-12.05,-12.32,-12.30,-12.50,-12.37,-12.23,-12.27,-12.22
1957042474,Worry,-15.38,-15.56,-15.34,-16.16,-13.98,-15.44,-15.40,-15.38,-15.62,-15.46,-15.28,-15.33,-15.27
1957042509,Worry,-9.23,-8.96,-9.20,-8.52,-8.12,-8.78,-8.94,-9.23,-9.07,-8.98,-9.17,-9.20,-9.16
1957042579,Worry,-5.37,-5.76,-5.83,-5.62,-5.02,-6.17,-6.16,-6.15,-6.25,-5.88,-6.11,-6.13,-6.11
1957042734,No Words Found,
1957042799,Worry,-9.23,-7.78,-9.20,-7.62,-7.21,-8.31,-8.94,-8.93,-8.77,-8.98,-9.17,-9.20,-9.16
1957042862,Sadness,-5.85,-5.33,-5.83,-5.51,-5.67,-6.17,-6.16,-6.15,-6.25,-5.88,-6.11,-6.13,-6.11
1957043226,Sadness,-12.30,-10.91,-12.27,-12.93,-12.47,-12.35,-12.32,-12.30,-12.50,-12.37,-12.23,-12.27,-12.22
1957043241,Sadness,-6.15,-4.69,-5.83,-5.21,-4.82,-6.17,-5.86,-5.85,-5.95,-5.88,-6.11,-6.13,-6.11
1957044366,Neutral,-12.30,-11.82,-12.27,-11.67,-12.25,-11.87,-12.02,-12.30,-11.65,-11.89,-11.02,-11.97,-12.22
1957044680,Worry,-14.77,-13.36,-14.43,-13.16,-12.40,-14.18,-15.09,-14.60,-14.37,-14.86,-15.28,-14.86,-15.27
1957044694,Worry,-12.30,-11.99,-12.27,-12.15,-11.17,-12.35,-12.32,-12.30,-12.20,-12.07,-12.23,-12.27,-12.22
1957044783,Neutral,-3.08,-2.57,-3.07,-2.39,-2.84,-3.09,-3.08,-3.08,-3.12,-3.09,-3.06,-3.07,-3.05
1957044789,Worry,-5.85,-5.14,-6.13,-5.21,-4.72,-5.87,-5.86,-6.15,-5.29,-5.88,-6.11,-6.13,-6.11
1957044935,Hate,-18.45,-18.91,-18.10,-19.09,-18.32,-18.52,-18.17,-18.15,-16.59,-18.25,-18.34,-18.40,-18.32
1957045395,Sadness,-8.92,-7.90,-8.60,-7.90,-8.16,-8.96,-8.94,-8.75,-8.90,-8.98,-9.17,-8.72,-9.16
1957045641,Neutral,-3.08,-2.79,-3.07,-2.75,-3.01,-3.09,-3.08,-3.08,-3.12,-3.09,-3.06,-3.07,-3.05
1957045692,Worry,-12.30,-12.12,-12.27,-11.97,-11.95,-11.87,-12.32,-12.30,-11.65,-10.99,-11.93,-11.97,-12.22
1957045940,Worry,-9.23,-8.85,-9.20,-8.74,-8.34,-8.78,-8.94,-9.23,-8.23,-8.80,-8.87,-8.90,-9.16
1957046053,Neutral,-24.30,-22.91,-23.93,-21.93,-22.75,-23.79,-24.63,-23.65,-24.39,-24.44,-24.46,-24.53,-24.43
1957046090,Worry,-27.68,-26.56,-27.60,-26.63,-25.23,-27.31,-27.24,-27.38,-27.04,-27.05,-27.51,-27.30,-27.48
1957046631,Worry,-24.30,-23.29,-23.93,-23.28,-21.64,-24.22,-24.63,-24.61,-24.15,-24.26,-24.15,-24.23,-24.43
1957046815,No Words Found,
1957047408,Neutral,-18.45,-19.13,-18.40,-17.41,-19.27,-18.52,-17.87,-18.15,-17.84,-17.95,-18.34,-18.10,-18.32
1957047569,Worry,-27.38,-26.23,-27.60,-27.41,-24.55,-27.01,-27.71,-27.38,-27.52,-27.53,-27.51,-27.60,-27.48
1957047571,Sadness,-24.60,-21.33,-24.24,-24.17,-23.26,-23.92,-23.73,-24.01,-24.09,-24.14,-24.46,-24.53,-24.43
1957047787,Worry,-33.83,-34.87,-33.74,-34.55,-32.35,-33.66,-33.87,-33.84,-34.07,-34.02,-33.63,-33.43,-33.59
1957047828,Worry,-18.45,-18.40,-18.40,-18.44,-17.32,-18.52,-18.48,-18.46,-18.45,-18.25,-18.34,-18.40,-18.32
1957048027,Sadness,-8.92,-7.56,-8.60,-8.32,-8.20,-8.96,-8.64,-8.93,-8.90,-8.98,-9.17,-8.90,-9.16
1957048703,Hate,-18.15,-17.43,-17.80,-17.84,-17.35,-18.22,-18.17,-17.98,-16.59,-18.25,-18.34,-17.92,-18.32
1957048870,Sadness,-9.23,-8.06,-9.20,-8.92,-8.13,-9.26,-9.24,-9.23,-9.37,-9.28,-9.17,-9.20,-9.16
1957049167,Sadness,-39.50,-37.04,-39.27,-38.41,-39.06,-38.88,-40.03,-39.38,-38.46,-39.90,-39.74,-39.57,-39.70
1957050633,Neutral,-33.53,-31.27,-33.14,-30.62,-31.02,-33.00,-33.39,-33.23,-30.13,-32.94,-33.63,-33.43,-33.59
1957050684,Worry,-15.07,-13.24,-15.03,-14.54,-12.55,-14.83,-15.40,-15.38,-14.84,-14.86,-15.28,-15.33,-15.27
1957050747,Sadness,-6.15,-5.76,-6.13,-6.46,-5.85,-6.17,-6.16,-6.15,-6.25,-5.88,-6.11,-6.13,-6.11
1957050890,Sadness,-45.53,-41.22,-45.10,-42.47,-42.89,-45.10,-45.59,-45.06,-45.19,-44.88,-45.85,-46.00,-45.81
1957051517,Sadness,-24.60,-22.06,-24.24,-24.78,-23.69,-24.70,-24.63,-24.61,-24.39,-24.44,-24.46,-24.53,-24.43
1957052167,Worry,-6.15,-4.99,-6.13,-4.81,-4.63,-5.40,-5.56,-6.15,-5.47,-5.88,-6.11,-6.13,-6.11
1957052211,Neutral,-42.75,-39.82,-42.34,-36.85,-40.51,-41.36,-41.43,-42.76,-41.34,-41.44,-42.50,-42.03,-42.75
1957052409,Worry,-18.45,-15.89,-18.10,-15.94,-14.28,-16.79,-18.17,-18.46,-17.12,-17.78,-18.04,-18.10,-18.32
1957052932,Worry,-9.23,-7.88,-9.20,-9.22,-7.83,-9.26,-9.24,-9.23,-9.37,-8.98,-9.17,-9.20,-9.16
1957053170,Worry,-9.23,-9.50,-9.20,-8.92,-8.73,-9.26,-9.24,-8.93,-9.37,-8.98,-9.17,-9.20,-9.16
1957053247,Neutral,-15.38,-15.56,-15.34,-13.90,-15.66,-15.44,-15.40,-15.08,-15.02,-15.16,-15.28,-15.03,-15.27
1957053338,Surprise,-39.68,-39.73,-39.57,-39.36,-39.60,-35.51,-39.43,-38.78,-39.24,-39.00,-39.74,-39.87,-39.70
1957053409,Neutral,-9.23,-9.20,-9.20,-8.44,-9.09,-9.26,-9.24,-9.23,-9.07,-8.98,-9.17,-8.30,-9.16
1957053566,Sadness,-18.45,-17.63,-18.40,-19.39,-19.27,-18.52,-18.48,-18.46,-18.75,-18.55,-18.34,-18.40,-18.32
1957055178,Worry,-24.30,-23.87,-23.93,-23.61,-22.04,-23.62,-24.33,-24.13,-24.09,-23.84,-24.46,-24.23,-24.43
1957055396,Neutral,-12.30,-11.12,-11.97,-10.42,-11.65,-11.57,-12.02,-12.00,-10.87,-11.59,-11.93,-11.97,-12.22
1957055530,Hate,-27.38,-26.12,-27.00,-26.66,-26.86,-26.70,-27.71,-27.21,-24.69,-27.05,-27.21,-27.30,-27.48
1957055981,Sadness,-12.00,-11.60,-12.27,-12.15,-11.87,-11.75,-12.32,-12.30,-11.72,-11.17,-12.23,-12.27,-12.22
1957056027,Neutral,-6.15,-5.28,-6.13,-5.03,-5.62,-5.70,-6.16,-6.15,-5.40,-5.71,-5.81,-5.83,-6.11
1957056041,Neutral,-21.23,-21.80,-21.17,-19.69,-20.76,-21.31,-21.55,-21.05,-21.39,-21.65,-21.40,-21.47,-21.38
1957056896,Worry,-15.38,-14.24,-15.34,-15.46,-13.96,-14.96,-15.09,-15.38,-15.32,-14.86,-15.28,-15.33,-15.27
1957057026,Worry,-15.38,-13.09,-15.34,-13.70,-12.97,-14.66,-15.40,-15.38,-14.48,-13.91,-14.98,-15.03,-15.27
1957057469,Worry,-12.30,-10.85,-11.97,-11.61,-9.97,-11.87,-12.32,-12.30,-12.02,-12.37,-12.23,-12.27,-12.22
1957057586,Neutral,-15.38,-14.36,-14.73,-13.76,-15.39,-14.96,-14.79,-15.38,-14.84,-15.46,-15.28,-15.33,-15.27
1957058130,Surprise,-9.23,-9.80,-9.20,-9.39,-9.46,-8.18,-9.24,-9.23,-9.37,-8.98,-9.17,-9.20,-9.16
1957058219,Worry,-26.77,-26.78,-27.30,-28.61,-25.57,-27.18,-27.71,-27.38,-27.82,-27.83,-27.51,-27.60,-27.48
1957058436,Worry,-6.15,-5.46,-6.13,-4.99,-4.88,-5.40,-6.16,-5.85,-5.95,-6.18,-6.11,-6.13,-6.11
1957058504,Happiness,-36.60,-34.98,-36.80,-36.32,-35.44,-36.74,-36.35,-36.01,-37.02,-33.50,-36.68,-36.50,-36.65
1957059348,Sadness,-6.15,-5.58,-6.13,-6.16,-5.72,-6.17,-6.16,-6.15,-6.25,-6.18,-6.11,-6.13,-6.11
1957059587,Sadness,-21.53,-18.33,-21.17,-19.29,-19.59,-21.13,-18.97,-21.23,-20.49,-20.87,-21.40,-21.17,-21.38
1957059671,Neutral,-8.62,-8.33,-8.90,-7.96,-8.08,-8.96,-8.94,-8.75,-8.90,-8.98,-9.17,-8.42,-9.16
1957059917,Sadness,-30.45,-28.44,-30.67,-30.76,-30.69,-30.57,-30.31,-30.46,-30.17,-30.15,-30.57,-30.37,-30.54
1957060283,Neutral,-33.22,-31.50,-32.83,-29.68,-30.96,-32.70,-33.27,-32.76,-32.39,-32.33,-33.63,-32.96,-33.59
1957060439,Worry,-24.60,-23.21,-23.93,-24.95,-22.11,-24.70,-24.63,-24.61,-24.70,-24.74,-24.46,-24.53,-24.43
1957061418,Worry,-35.82,-34.64,-36.50,-35.78,-32.13,-35.97,-36.65,-36.91,-36.06,-36.81,-36.68,-36.80,-36.65
1957061527,Neutral,-6.15,-6.24,-6.13,-5.86,-6.02,-6.17,-6.16,-6.15,-5.95,-6.18,-6.11,-6.13,-6.11
1957061884,Sadness,-5.85,-4.93,-6.13,-5.86,-5.07,-6.17,-6.16,-6.15,-5.07,-5.88,-6.11,-6.13,-6.11
1957062262,Worry,-30.75,-31.30,-30.67,-31.72,-28.94,-30.87,-30.79,-30.76,-31.25,-30.92,-30.57,-30.67,-30.54
1957062621,Neutral,-18.15,-17.53,-18.10,-17.14,-17.72,-18.22,-18.17,-17.38,-17.07,-18.25,-18.34,-16.42,-18.32
1957062676,Worry,-23.82,-23.19,-23.33,-22.38,-21.50,-24.70,-24.03,-24.01,-24.39,-24.14,-24.46,-24.53,-24.43
1957062698,Worry,-15.07,-12.82,-14.43,-13.40,-12.80,-15.13,-13.59,-14.60,-14.37,-15.16,-15.28,-14.56,-15.27
1957062783,Empty,-8.32,-9.33,-9.20,-9.39,-9.64,-9.26,-9.24,-9.23,-9.37,-8.98,-9.17,-9.20,-9.16
1957062827,Sadness,-30.45,-28.08,-30.37,-28.96,-31.44,-30.57,-30.79,-30.16,-30.47,-30.62,-30.57,-30.67,-30.54
1957063783,Hate,-18.45,-17.93,-18.40,-17.36,-18.62,-18.52,-18.48,-18.15,-16.41,-18.25,-18.34,-18.40,-18.32
1957063845,Sadness,-6.15,-4.93,-5.83,-5.69,-6.15,-6.17,-5.56,-6.15,-5.65,-6.18,-5.81,-6.13,-6.11
1957064177,Worry,-21.23,-21.62,-21.47,-22.32,-20.55,-21.61,-21.55,-21.53,-21.87,-21.65,-21.40,-21.47,-21.38
1957064253,Worry,-30.45,-28.42,-30.37,-28.51,-27.51,-29.79,-30.79,-29.68,-29.56,-30.32,-30.57,-30.67,-30.54
1957064566,Worry,-26.77,-25.05,-27.00,-25.08,-23.63,-26.10,-27.41,-27.08,-26.74,-26.63,-27.51,-27.30,-27.48
1957064575,Sadness,-45.53,-40.14,-45.40,-42.99,-41.40,-44.02,-45.59,-45.36,-44.06,-43.93,-45.85,-45.52,-45.81
1957064578,Worry,-10.92,-11.99,-12.27,-12.15,-11.87,-11.75,-12.32,-12.30,-11.72,-12.37,-12.23,-12.27,-12.22
1957064908,Sadness,-27.07,-24.85,-27.30,-26.53,-26.48,-26.88,-27.11,-27.21,-27.34,-27.23,-27.51,-27.30,-27.48
1957065570,Relief,-18.45,-18.83,-18.40,-18.91,-19.40,-18.52,-18.48,-17.85,-18.45,-18.55,-18.34,-16.42,-18.32
1957065963,Neutral,-12.30,-12.60,-12.27,-10.64,-12.65,-12.35,-12.32,-12.00,-11.90,-12.37,-12.23,-11.97,-12.22
1957066120,Worry,-12.30,-11.69,-11.97,-11.48,-10.39,-11.39,-12.32,-12.00,-11.72,-12.07,-12.23,-12.27,-12.22
1957066701,Sadness,-6.15,-5.19,-5.23,-5.56,-5.37,-6.17,-5.86,-5.85,-5.77,-6.18,-6.11,-6.13,-6.11
1957067386,Neutral,-9.23,-8.85,-9.20,-8.14,-9.34,-8.96,-9.24,-8.75,-8.77,-9.28,-9.17,-9.20,-9.16
1957067779,Worry,-14.90,-14.26,-13.83,-14.17,-13.24,-15.44,-15.40,-15.08,-15.32,-14.86,-15.28,-15.33,-15.27
1957067988,Sadness,-9.23,-7.37,-8.90,-9.39,-8.01,-9.26,-9.24,-9.23,-9.07,-9.28,-9.17,-9.20,-9.16
1957068229,Worry,-30.15,-29.57,-30.37,-30.16,-28.93,-30.57,-30.19,-30.76,-30.77,-30.62,-30.57,-30.37,-30.54
1957068585,Neutral,-9.23,-9.33,-9.20,-8.32,-9.64,-9.26,-9.24,-8.93,-9.07,-9.28,-9.17,-8.90,-9.16
1957068880,Sadness,-18.45,-17.02,-18.40,-18.01,-17.77,-17.74,-18.48,-18.15,-18.05,-18.55,-18.34,-18.40,-18.32
1957069453,Sadness,-24.30,-22.49,-24.54,-23.27,-24.57,-24.40,-24.63,-24.31,-24.09,-24.44,-24.46,-24.53,-24.43
1957070273,Surprise,-15.07,-14.96,-15.34,-14.78,-15.13,-13.93,-15.09,-15.38,-15.62,-15.16,-15.28,-15.03,-15.27
1957070484,Neutral,-27.68,-28.51,-27.60,-25.90,-28.61,-27.78,-27.71,-27.68,-27.82,-27.53,-27.51,-27.60,-27.48
1957070534,Sadness,-3.08,-2.97,-3.07,-3.23,-3.31,-3.09,-3.08,-3.08,-3.12,-3.09,-3.06,-3.07,-3.05
1957070786,Worry,-42.75,-41.98,-42.34,-41.53,-40.30,-42.92,-42.51,-42.28,-42.06,-42.69,-42.80,-42.46,-42.75
1957070871,Neutral,-43.05,-42.45,-42.64,-39.84,-41.61,-42.26,-43.11,-42.76,-42.49,-42.69,-42.80,-42.93,-42.75
1957071331,Sadness,-8.92,-8.42,-9.20,-9.39,-8.86,-8.96,-8.94,-9.23,-9.07,-9.28,-9.17,-9.20,-9.16
1957071583,Neutral,-8.75,-9.33,-8.90,-8.25,-8.94,-9.26,-9.24,-9.23,-9.37,-8.98,-9.17,-9.20,-9.16
1957072308,Worry,-15.38,-14.12,-15.03,-14.84,-13.28,-14.96,-15.40,-15.38,-15.15,-15.46,-15.28,-15.33,-15.27
1957072400,Sadness,-12.00,-11.87,-12.27,-12.15,-12.30,-11.75,-11.11,-12.30,-12.50,-12.07,-12.23,-11.97,-12.22
1957072637,Love,-24.60,-22.99,-24.24,-23.40,-24.04,-23.79,-21.92,-24.31,-23.74,-23.84,-24.15,-24.23,-24.43
1957072682,Neutral,-12.30,-10.94,-12.27,-10.12,-10.39,-10.97,-11.41,-12.30,-10.87,-11.29,-11.93,-11.97,-12.22
1957072896,Sadness,-9.23,-8.20,-9.20,-8.79,-9.24,-9.26,-8.64,-9.23,-9.37,-9.28,-9.17,-9.20,-9.16
1957073073,Sadness,-6.15,-5.33,-6.13,-6.16,-6.02,-6.17,-6.16,-6.15,-5.55,-6.18,-6.11,-6.13,-6.11
1957073201,Worry,-5.85,-4.80,-6.13,-5.26,-4.83,-5.87,-6.16,-6.15,-5.47,-5.41,-6.11,-6.13,-6.11
1957073668,Sadness,-39.07,-36.18,-35.48,-36.31,-36.47,-39.05,-38.52,-38.91,-38.28,-39.60,-39.74,-39.39,-39.70
1957073753,Hate,-9.23,-8.90,-9.20,-9.22,-8.86,-9.26,-8.94,-8.93,-7.93,-9.28,-9.17,-9.20,-9.16
1957073984,Sadness,-6.15,-5.54,-6.13,-6.16,-5.85,-6.17,-6.16,-6.15,-6.25,-6.18,-6.11,-6.13,-6.11
1957074101,Worry,-9.23,-8.63,-8.90,-8.14,-7.73,-7.88,-8.94,-9.23,-9.37,-8.50,-9.17,-9.20,-9.16
1957074214,Worry,-15.07,-13.12,-15.03,-13.95,-12.35,-15.13,-15.09,-14.90,-14.84,-14.56,-15.28,-14.56,-15.27
1957074267,Neutral,-9.23,-9.33,-9.20,-8.62,-9.16,-9.26,-8.94,-8.93,-9.37,-8.98,-9.17,-9.20,-9.16
1957074812,Neutral,-6.15,-5.28,-6.13,-5.03,-5.62,-5.70,-6.16,-6.15,-5.40,-5.71,-5.81,-5.83,-6.11
1957074977,Worry,-15.38,-14.52,-15.34,-14.35,-13.67,-15.13,-15.40,-15.38,-15.32,-14.38,-15.28,-15.33,-15.27
1957075035,Neutral,-12.30,-11.64,-12.27,-10.77,-11.77,-12.35,-12.32,-11.83,-11.90,-12.07,-12.23,-12.27,-12.22
1957075180,Neutral,-6.15,-6.54,-6.13,-5.86,-6.62,-6.17,-6.16,-6.15,-6.25,-6.18,-6.11,-6.13,-6.11
1957075229,Worry,-15.38,-16.04,-15.34,-16.16,-14.88,-15.44,-15.40,-15.38,-15.62,-15.46,-15.28,-15.33,-15.27
1957075268,Worry,-9.23,-8.90,-8.90,-9.09,-8.73,-8.78,-9.24,-8.63,-9.07,-8.20,-9.17,-9.20,-9.16
1957075370,Worry,-21.23,-19.75,-21.47,-20.29,-19.73,-19.03,-20.95,-21.53,-20.55,-20.27,-21.10,-21.17,-21.38
1957075457,Worry,-24.30,-24.29,-23.93,-24.30,-22.99,-24.70,-24.63,-24.13,-24.39,-24.74,-24.46,-24.53,-24.43
1957075557,Neutral,-12.30,-11.69,-12.27,-10.77,-11.50,-12.35,-12.32,-12.00,-11.59,-12.07,-12.23,-11.66,-12.22
1957076048,Sadness,-8.92,-8.55,-9.20,-9.70,-9.34,-9.26,-9.24,-9.23,-9.37,-9.28,-9.17,-9.20,-9.16
1957076214,Worry,-24.60,-25.54,-24.54,-24.48,-22.41,-24.40,-24.03,-24.61,-24.39,-24.74,-24.46,-24.23,-24.43
1957076433,Sadness,-15.38,-13.59,-15.34,-14.96,-15.39,-15.44,-14.49,-15.38,-15.32,-15.46,-15.28,-15.33,-15.27
1957076450,Love,-15.38,-15.04,-15.34,-15.38,-15.01,-15.13,-13.89,-15.08,-15.32,-15.46,-15.28,-15.33,-15.27
1957076577,Hate,-21.23,-21.02,-21.17,-20.41,-21.11,-20.53,-21.55,-21.53,-18.87,-21.17,-21.10,-21.17,-21.38
1957077528,No Words Found,
1957077552,Sadness,-12.30,-9.98,-12.27,-11.07,-10.50,-12.05,-12.32,-12.30,-11.90,-11.59,-12.23,-12.27,-12.22
1957077564,Sadness,-29.55,-24.96,-29.77,-27.13,-26.07,-29.19,-30.19,-29.50,-28.56,-29.24,-30.57,-29.89,-30.54
1957077934,Neutral,-18.45,-16.53,-18.10,-15.31,-15.87,-17.92,-17.57,-18.46,-17.37,-17.65,-18.34,-18.10,-18.32
1957078157,Sadness,-15.38,-12.74,-15.03,-14.30,-14.31,-14.83,-13.89,-15.38,-14.84,-15.16,-15.28,-15.33,-15.27
1957078740,Sadness,-8.92,-7.73,-9.20,-8.92,-8.26,-8.96,-9.24,-9.23,-8.20,-8.98,-9.17,-9.20,-9.16
1957079130,Worry,-15.38,-14.39,-15.34,-14.30,-12.98,-15.44,-14.32,-15.38,-14.84,-14.98,-15.28,-14.73,-15.27
1957079355,Neutral,-9.23,-9.33,-9.20,-8.92,-9.64,-9.26,-9.24,-8.15,-8.77,-9.28,-9.17,-8.90,-9.16
1957079403,Sadness,-21.23,-19.07,-21.47,-20.47,-19.93,-21.13,-20.35,-21.53,-20.73,-21.17,-21.10,-21.17,-21.38
1957079496,Sadness,-18.45,-16.89,-18.40,-18.19,-18.25,-17.92,-18.48,-18.15,-18.45,-17.78,-18.34,-18.40,-18.32
1957079533,Sadness,-12.30,-11.27,-12.27,-11.85,-11.39,-12.35,-12.32,-12.00,-11.02,-12.37,-12.23,-12.27,-12.22
1957079568,Sadness,-6.15,-5.06,-6.13,-5.26,-5.62,-6.17,-5.26,-6.15,-5.95,-6.18,-6.11,-6.13,-6.11
1957079622,Worry,-5.85,-5.63,-6.13,-5.69,-5.37,-5.87,-5.86,-6.15,-6.25,-5.88,-6.11,-5.83,-6.11
1957079972,Worry,-21.23,-20.86,-21.17,-20.94,-19.58,-21.61,-21.55,-21.53,-20.49,-21.35,-21.40,-21.47,-21.38
1957080150,Worry,-15.38,-13.76,-14.73,-14.30,-13.80,-15.13,-15.09,-15.08,-14.19,-15.16,-15.28,-15.33,-15.27
1957080521,Neutral,-17.97,-16.97,-18.10,-16.51,-17.70,-17.74,-18.48,-17.85,-18.45,-17.95,-18.34,-18.40,-18.32
1957080579,Worry,-8.92,-7.82,-9.20,-8.14,-7.58,-8.48,-8.94,-8.93,-9.07,-8.68,-9.17,-8.90,-9.16
1957080963,Worry,-36.60,-36.99,-36.80,-38.31,-34.76,-37.04,-36.95,-36.61,-37.49,-36.51,-36.68,-36.32,-36.65
1957081280,Worry,-15.38,-15.74,-15.34,-15.86,-14.66,-15.44,-15.40,-15.38,-15.62,-15.46,-15.28,-15.33,-15.27
1957081795,Worry,-21.23,-21.97,-20.87,-20.64,-19.68,-21.61,-21.55,-21.23,-21.57,-21.65,-21.40,-21.47,-21.38
1957082086,Worry,-27.68,-26.35,-27.00,-26.34,-24.55,-26.23,-27.71,-27.38,-27.04,-27.53,-27.51,-27.60,-27.48
1957082503,Worry,-9.23,-9.50,-8.90,-9.70,-8.86,-8.96,-9.24,-8.93,-9.37,-8.98,-9.17,-9.20,-9.16
1957082536,Worry,-5.85,-5.93,-6.13,-5.99,-5.85,-6.17,-6.16,-6.15,-6.25,-5.88,-6.11,-6.13,-6.11
1957082538,Neutral,-9.23,-8.80,-9.20,-8.74,-9.03,-8.96,-9.24,-9.23,-8.29,-8.98,-9.17,-9.20,-9.16
1957082926,Neutral,-6.15,-5.28,-6.13,-5.21,-5.62,-5.70,-6.16,-6.15,-5.40,-5.71,-5.81,-5.83,-6.11
1957082939,Neutral,-18.45,-19.13,-18.40,-16.53,-19.27,-18.52,-18.17,-18.46,-18.45,-18.25,-18.04,-17.80,-18.32
1957083056,Sadness,-8.92,-8.12,-9.20,-8.14,-8.28,-8.48,-8.94,-8.93,-9.07,-8.68,-9.17,-8.90,-9.16
1957083084,Love,-33.83,-34.57,-33.74,-34.95,-35.53,-33.18,-30.56,-33.53,-33.47,-33.72,-33.63,-33.73,-33.59
1957083230,Neutral,-9.23,-8.03,-8.90,-7.84,-8.43,-8.78,-8.94,-8.63,-9.07,-8.98,-9.17,-9.20,-9.16
1957083616,Sadness,-36.90,-32.90,-35.90,-34.72,-34.51,-35.49,-36.35,-36.61,-36.05,-35.25,-36.38,-36.50,-36.65
1957083641,No Words Found,
